Title_en,Title_ar,Description_en,Description_ar,Project Name,Project Status,Tower,Unit Number,Floor,Unit Type,Bedrooms,Bathrooms,Total Area (Sq Ft),List Price,DP Value,Remaining Balance,Next Installment Date,Monthly Payment Value,View,Area,City,uaeEmirate,Developer,Availability,Handover,Rented,Balcony,Parking,Parking Slots,Kitchen Type,Ameneties,Property Type,offering_type,Location,adrees,NOC,Registration fees,Media,Data Owner,Last Update,category,Furnishing,Rent Frequency,video_360,video_tour,Note,ID
Corner 1BR Apartment with Partial Creek View | Ajman Pearl Tower,Ø´Ù‚Ø© ØºØ±ÙØ© ÙˆØµØ§Ù„Ø© Ø²Ø§ÙˆÙŠØ© Ø¨Ø¥Ø·Ù„Ø§Ù„Ø© Ø¬Ø²Ø¦ÙŠØ© Ø¹Ù„Ù‰ Ø§Ù„Ø®ÙˆØ± | Ø¨Ø±Ø¬ Ø¹Ø¬Ù…Ø§Ù† Ø¨ÙŠØ±Ù„,"Discover an excellent investment and end-user opportunity in Ajman Pearl Tower, located in the heart of Al Rashidiya 1, Ajman.

This corner 1-bedroom apartment offers a well-planned layout with 1,083.28 sq. ft. of total area, featuring partial creek views, abundant natural light, and a private balcony. The unit is unfurnished, allowing you to design the space to your personal taste.

Property Details:

1 Bedroom | 2 Bathrooms

Corner unit

Partial creek view

Built-up area: 1,083.28 sq. ft.

Open kitchen layout

Balcony

Covered parking

Amenities & Features:

Central air conditioning

24/7 security

Childrenâ€™s play area

Pet-friendly community

Well-maintained common areas

Financial Highlights:

Price: AED 584,798

Paid: AED 143,773

Balance: AED 441,025

Expected handover: Q1 2027

Attractive resale opportunity

Strategically located with easy access to main roads, retail, schools, and daily conveniences, this property is ideal for both investors seeking strong returns and end-users looking for comfortable urban living.

ğŸ“ Contact us today for more details or to schedule a viewing.","Ø§Ù„Ø¹Ù†ÙˆØ§Ù†

Ø´Ù‚Ø© ØºØ±ÙØ© ÙˆØµØ§Ù„Ø© Ø²Ø§ÙˆÙŠØ© Ø¨Ø¥Ø·Ù„Ø§Ù„Ø© Ø¬Ø²Ø¦ÙŠØ© Ø¹Ù„Ù‰ Ø§Ù„Ø®ÙˆØ± | Ø¨Ø±Ø¬ Ø¹Ø¬Ù…Ø§Ù† Ø¨ÙŠØ±Ù„

Ø§Ù„ÙˆØµÙ

ÙØ±ØµØ© Ù…Ù…ÙŠØ²Ø© Ù„Ù„Ø³ÙƒÙ† Ø£Ùˆ Ø§Ù„Ø§Ø³ØªØ«Ù…Ø§Ø± ÙÙŠ Ajman Pearl TowerØŒ Ø£Ø­Ø¯ Ø£Ø¨Ø±Ø² Ø§Ù„Ø£Ø¨Ø±Ø§Ø¬ Ø§Ù„Ø³ÙƒÙ†ÙŠØ© ÙÙŠ Ø§Ù„Ø±Ø§Ø´Ø¯ÙŠØ© 1 â€“ Ø¹Ø¬Ù…Ø§Ù†.

ØªØªÙ…ÙŠØ² Ù‡Ø°Ù‡ Ø§Ù„Ø´Ù‚Ø© Ø§Ù„Ø²Ø§ÙˆÙŠØ© Ø§Ù„Ù…ÙƒÙˆÙ†Ø© Ù…Ù† ØºØ±ÙØ© ÙˆØµØ§Ù„Ø© Ø¨Ù…Ø³Ø§Ø­Ø© ÙˆØ§Ø³Ø¹Ø© ØªØ¨Ù„Øº 1,083.28 Ù‚Ø¯Ù… Ù…Ø±Ø¨Ø¹ØŒ Ù…Ø¹ Ø¥Ø·Ù„Ø§Ù„Ø© Ø¬Ø²Ø¦ÙŠØ© Ø¹Ù„Ù‰ Ø§Ù„Ø®ÙˆØ±ØŒ Ø¥Ø¶Ø§Ø¡Ø© Ø·Ø¨ÙŠØ¹ÙŠØ© Ù…Ù…ØªØ§Ø²Ø©ØŒ ÙˆØ´Ø±ÙØ© Ø®Ø§ØµØ©. Ø§Ù„Ø´Ù‚Ø© ØºÙŠØ± Ù…ÙØ±ÙˆØ´Ø©ØŒ Ù…Ù…Ø§ ÙŠÙ…Ù†Ø­Ùƒ Ø­Ø±ÙŠØ© Ø§Ù„ØªØµÙ…ÙŠÙ… Ø­Ø³Ø¨ Ø°ÙˆÙ‚Ùƒ.

ØªÙØ§ØµÙŠÙ„ Ø§Ù„Ø¹Ù‚Ø§Ø±:

ØºØ±ÙØ© Ù†ÙˆÙ… ÙˆØ§Ø­Ø¯Ø© | Ø­Ù…Ø§Ù…Ø§Ù†

ÙˆØ­Ø¯Ø© Ø²Ø§ÙˆÙŠØ©

Ø¥Ø·Ù„Ø§Ù„Ø© Ø¬Ø²Ø¦ÙŠØ© Ø¹Ù„Ù‰ Ø§Ù„Ø®ÙˆØ±

Ø§Ù„Ù…Ø³Ø§Ø­Ø©: 1,083.28 Ù‚Ø¯Ù… Ù…Ø±Ø¨Ø¹

Ù…Ø·Ø¨Ø® Ù…ÙØªÙˆØ­

Ø´Ø±ÙØ©

Ù…ÙˆÙ‚Ù Ø³ÙŠØ§Ø±Ø© Ù…ØºØ·Ù‰

Ø§Ù„Ù…Ù…ÙŠØ²Ø§Øª ÙˆØ§Ù„Ø®Ø¯Ù…Ø§Øª:

ØªÙƒÙŠÙŠÙ Ù…Ø±ÙƒØ²ÙŠ

Ø£Ù…Ù† Ø¹Ù„Ù‰ Ù…Ø¯Ø§Ø± Ø§Ù„Ø³Ø§Ø¹Ø©

Ù…Ù†Ø·Ù‚Ø© Ø£Ù„Ø¹Ø§Ø¨ Ù„Ù„Ø£Ø·ÙØ§Ù„

ÙŠØ³Ù…Ø­ Ø¨ØªØ±Ø¨ÙŠØ© Ø§Ù„Ø­ÙŠÙˆØ§Ù†Ø§Øª Ø§Ù„Ø£Ù„ÙŠÙØ©

Ù…Ø±Ø§ÙÙ‚ Ù…Ø´ØªØ±ÙƒØ© Ù…ÙØ¹ØªÙ†Ù‰ Ø¨Ù‡Ø§

Ø§Ù„Ø¨ÙŠØ§Ù†Ø§Øª Ø§Ù„Ù…Ø§Ù„ÙŠØ©:

Ø§Ù„Ø³Ø¹Ø±: 584,798 Ø¯Ø±Ù‡Ù…

Ø§Ù„Ù…Ø¯ÙÙˆØ¹: 143,773 Ø¯Ø±Ù‡Ù…

Ø§Ù„Ù…ØªØ¨Ù‚ÙŠ: 441,025 Ø¯Ø±Ù‡Ù…

Ù…ÙˆØ¹Ø¯ Ø§Ù„ØªØ³Ù„ÙŠÙ… Ø§Ù„Ù…ØªÙˆÙ‚Ø¹: Ø§Ù„Ø±Ø¨Ø¹ Ø§Ù„Ø£ÙˆÙ„ 2027

ÙØ±ØµØ© Ø¥Ø¹Ø§Ø¯Ø© Ø¨ÙŠØ¹ Ù…Ù…ÙŠØ²Ø©

Ù…ÙˆÙ‚Ø¹ Ø§Ø³ØªØ±Ø§ØªÙŠØ¬ÙŠ Ù‚Ø±ÙŠØ¨ Ù…Ù† Ø§Ù„Ø·Ø±Ù‚ Ø§Ù„Ø±Ø¦ÙŠØ³ÙŠØ©ØŒ Ø§Ù„Ù…Ø­Ù„Ø§Øª Ø§Ù„ØªØ¬Ø§Ø±ÙŠØ©ØŒ Ø§Ù„Ù…Ø¯Ø§Ø±Ø³ØŒ ÙˆØ¬Ù…ÙŠØ¹ Ø§Ù„Ø®Ø¯Ù…Ø§Øª Ø§Ù„ÙŠÙˆÙ…ÙŠØ©ØŒ Ù…Ù…Ø§ ÙŠØ¬Ø¹Ù„ Ø§Ù„Ø¹Ù‚Ø§Ø± Ø®ÙŠØ§Ø±Ù‹Ø§ Ù…Ø«Ø§Ù„ÙŠÙ‹Ø§ Ù„Ù„Ù…Ø³ØªØ«Ù…Ø±ÙŠÙ† ÙˆÙ„Ù„Ø³ÙƒÙ† Ø§Ù„Ø¹Ø§Ø¦Ù„ÙŠ Ø§Ù„Ù…Ø±ÙŠØ­.

ğŸ“ ØªÙˆØ§ØµÙ„ Ù…Ø¹Ù†Ø§ Ø§Ù„ÙŠÙˆÙ… Ù„Ù…Ø²ÙŠØ¯ Ù…Ù† Ø§Ù„ØªÙØ§ØµÙŠÙ„ Ø£Ùˆ Ù„Ø­Ø¬Ø² Ù…ÙˆØ¹Ø¯ Ù„Ù„Ù…Ø¹Ø§ÙŠÙ†Ø©.",Ajman Pearl Tower,off_plan,C1,1206,12,1 BHK,1,2,1083,584798,143773,441025,15/01/2026,6785,Corner - Partial Creek View,Al Rashidiya 1,Ajman,northern_emirates,GJ,sale,Q1 2027,,Yes,Yes,1,Open,"balcony, central-ac, security, pets-allowed, childrens-play-area, covered-parking",apartment,sale,https://share.google/8dUZAHgGIsxADhpcc,"Ajman Pearl Tower, Al Rashidiya 1 , Ajman",4200,2%,"https://gjproperties.ae/wp-content/uploads/2024/11/1-4.png,https://gjproperties.ae/wp-content/uploads/2024/11/05-Living-Room-2-scaled.jpeg,https://gjproperties.ae/wp-content/uploads/2024/11/06-Master-Bedroom-scaled.jpeg,https://gjproperties.ae/wp-content/uploads/2024/11/07-Guest-Room-scaled.jpeg,https://gjproperties.ae/wp-content/uploads/2024/11/08-Kitchen-scaled.jpeg,https://gjproperties.ae/wp-content/uploads/2024/11/09-Master-Bathroom-scaled.jpeg,https://gjproperties.ae/wp-content/uploads/2024/11/01-Entrance-Lobby-2-scaled.jpg,https://gjproperties.ae/wp-content/uploads/2024/11/03-Typical-Corridor-scaled.png",Yazan,24/12/2025,residential,unfurnished,,,https://vimeo.com/1099104608?fl=pl&fe=sh,,846496